#TEXT ID,ENGLISH,FRENCH,ITALIAN,GERMAN,SPANISH
#Note: The # character at the beginning of a row is used to indicate a row header or comment. These rows will not be imported in the game.
GAME_TITLE,Hero's Run,Course du Héros,NOT TRANSLATED,NOT TRANSLATED,NOT TRANSLATED
PLAY_AGAIN,Play Again,Joue Encore,NOT TRANSLATED,NOT TRANSLATED,NOT TRANSLATED
REVIVE_ME,Revive me,Résurrection,NOT TRANSLATED,NOT TRANSLATED,NOT TRANSLATED
DISTANCE,Distance,Distance,NOT TRANSLATED,NOT TRANSLATED,NOT TRANSLATED
STARS,Stars,Étoiles,NOT TRANSLATED,NOT TRANSLATED,NOT TRANSLATED
KING_CASTLE,King's Castle,Château du Roi,NOT TRANSLATED,NOT TRANSLATED,NOT TRANSLATED
GO,Go!,Vas-y !,NOT TRANSLATED,NOT TRANSLATED,NOT TRANSLATED
SUCCUBUS_FIRST_DATE,Here comes Suzie!,Voici venir Suzie !,NOT TRANSLATED,NOT TRANSLATED,NOT TRANSLATED
SUCCUBUS_IM_BACK,I'm back! Did you miss me?,Tu t'es ennuyé de moi ?,NOT TRANSLATED,NOT TRANSLATED,NOT TRANSLATED
YOU_ARE_CUTE,You're kinda cute :),Tu es plutôt mignon :),NOT TRANSLATED,NOT TRANSLATED,NOT TRANSLATED
NOT_PASS,Thou shall not pass!,Tu ne passeras pas !,NOT TRANSLATED,NOT TRANSLATED,NOT TRANSLATED
NOTHING_PERSONAL,It's nothing personal,C'est rien de personnel,NOT TRANSLATED,NOT TRANSLATED,NOT TRANSLATED
WITCH_HURRAH,Hurrah! You did it!,Bravo ! Tu as réussi,NOT TRANSLATED,NOT TRANSLATED,NOT TRANSLATED
TUTORIAL_CHANGE_LANES,Swipe sideways to change lanes,Balaye du doigt pour changer de voie,NOT TRANSLATED,NOT TRANSLATED,NOT TRANSLATED
TUTORIAL_JUMP,Swipe up to jump,Balaye du doigt vers le haut pour sauter,NOT TRANSLATED,NOT TRANSLATED,NOT TRANSLATED
TUTORIAL_TURN_CORNERS,Swipe sideways to turn corners,Balaye du doigt pour prendre un virage à 90 degrés,NOT TRANSLATED,NOT TRANSLATED,NOT TRANSLATED
TUTORIAL_SLIDE,Swipe down to slide,Balaye du doigt vers le bas pour glisser,NOT TRANSLATED,NOT TRANSLATED,NOT TRANSLATED
TUTORIAL_SLIDE_BREAKABLE,Slide to break objects,Glisse pour briser des objets,NOT TRANSLATED,NOT TRANSLATED,NOT TRANSLATED
TUTORIAL_TILT_CHANGE_LANES,You can also tilt to change lanes and collect stars,Tu peux aussi incliner l'appareil pour changer de voie et récupérer des étoiles,NOT TRANSLATED,NOT TRANSLATED,NOT TRANSLATED
TUTORIAL_ACTIVATE_POWER_UP,Double tap anywhere to activate selected power,Tape deux fois sur l'écran pour activer le pouvoir sélectionné,NOT TRANSLATED,NOT TRANSLATED,NOT TRANSLATED
TUTORIAL_DOUBLE_TAP_NOW,Double tap now,Tape deux fois maintenant,NOT TRANSLATED,NOT TRANSLATED,NOT TRANSLATED
TUTORIAL_GOOD,Good!,Bien !,NOT TRANSLATED,NOT TRANSLATED,NOT TRANSLATED
TUTORIAL_EXCELLENT,Excellent!,Excellent !,NOT TRANSLATED,NOT TRANSLATED,NOT TRANSLATED
TUTORIAL_OOPS,Oops!,Oups !,NOT TRANSLATED,NOT TRANSLATED,NOT TRANSLATED
TUTORIAL_TRY_AGAIN,Try Again,Réessaie,NOT TRANSLATED,NOT TRANSLATED,NOT TRANSLATED
TUTORIAL_CHANGE_LANES_FAIL,Swipe and release each time instead of holding down your finger.,Balaye et relâche chaque fois au lieu de garder ton doigt sur l'écran.,NOT TRANSLATED,NOT TRANSLATED,NOT TRANSLATED
TUTORIAL_JUMP_FAIL,Swipe up to jump over obstacles.,Balaye du doigt vers le haut pour sauter par dessus les obstacles.,NOT TRANSLATED,NOT TRANSLATED,NOT TRANSLATED
TUTORIAL_TURN_CORNERS_FAIL,Timing is everything. Swipe sideways to turn corners.,Balaye du doigt au bon moment pour prendre un virage à 90 degrés.,NOT TRANSLATED,NOT TRANSLATED,NOT TRANSLATED
TUTORIAL_SLIDE_FAIL,Swipe down to slide under obstacles.,Balaye du doigt vers le bas pour glisser sous les obstacles.,NOT TRANSLATED,NOT TRANSLATED,NOT TRANSLATED
TUTORIAL_SLIDE_BREAKABLE_FAIL,Slide into breakable objects to avoid stumbling!,Glisse pour briser des objets et ainsi éviter de trébucher!,NOT TRANSLATED,NOT TRANSLATED,NOT TRANSLATED
FAIRY_TROLL_WARNING,Watch out! Behind you!,Attention ! Derrière toi !,NOT TRANSLATED,NOT TRANSLATED,NOT TRANSLATED
FAIRY_GREAT_CARDIO,You know<comma> you have great cardio!,Tu as vraiment un super cardio !,NOT TRANSLATED,NOT TRANSLATED,NOT TRANSLATED
FAIRY_CREEPS,This place gives me the creeps.,Cet endroit me flanque la trouille.,NOT TRANSLATED,NOT TRANSLATED,NOT TRANSLATED
FAIRY_DRAGON_BRIDGE,By the White Tree! The dragon burned down the King's bridge. Luckily<comma> I can cast spells.,Par l'Arbre Blanc ! Le dragon a brûlé le pont royal! Heureusement<comma> je sais jeter des sortilèges.,NOT TRANSLATED,NOT TRANSLATED,NOT TRANSLATED
FAIRY_TROLL_QUICKLY,Hurry! I can hear the troll.,Dépêche-toi! J'entends le troll.,NOT TRANSLATED,NOT TRANSLATED,NOT TRANSLATED
FAIRY_WOODEN_ELVES,Wood elves used to live here<comma> but they left after the Great Battle.,Les elfes des bois habitaient cette forêt avant<comma> mais hélas<comma> ils ont quitté après la Grande Bataille.,NOT TRANSLATED,NOT TRANSLATED,NOT TRANSLATED
FAIRY_GOBLIN_WARNING,Goblins have been spotted looting the place. Be careful!,Des gobelins ont été vu en train de piller l'endroit. Fais attention !,NOT TRANSLATED,NOT TRANSLATED,NOT TRANSLATED
FAIRY_WOW_SURVIVED,I'm impressed! You manage to survive all those brain-eating zombies!,Wow! Je suis impressionnée. Tu as réussi à survivre à tous ces zombies.,NOT TRANSLATED,NOT TRANSLATED,NOT TRANSLATED
FAIRY_BIG_FALL,That was quite a big fall<comma> but you managed to recover the Dark Queen's spell book. Good job!,Tu as fait une grosse chute mais au moins tu as réussi à voler le grimoire de la Sorcière des Ténèbres. Bon boulot !,NOT TRANSLATED,NOT TRANSLATED,NOT TRANSLATED
FAIRY_VOLCANO_DOOM,You need to run to the far north and cast it in the Volcano of Doom before midnight.,Tu dois courir jusqu'au nord du pays et le jeter dans le Volcan du Désespoir avant minuit.,NOT TRANSLATED,NOT TRANSLATED,NOT TRANSLATED
VO_FA_OH_NO,Oh no! It's the Dark Queen ...,Oh non ! C'est la Sorcière des Ténèbres,NOT TRANSLATED,NOT TRANSLATED,NOT TRANSLATED
VO_DQ_NOT_KEEP_WAITING,You should never keep your Queen waiting,Tu ne devrais jamais faire attendre ta Reine,NOT TRANSLATED,NOT TRANSLATED,NOT TRANSLATED
VO_DQ_RISE_FROM_THE_DEEP,Rise Sister<comma> rise from the deep ...,Soeur<comma> réveille-toi et sort des profondeurs ...,NOT TRANSLATED,NOT TRANSLATED,NOT TRANSLATED
VO_DQ_STARTING_TO_ANNOY,You're starting to annoy me<comma> Hero.,Tu commences à m'irriter<comma> Héros.,NOT TRANSLATED,NOT TRANSLATED,NOT TRANSLATED
VO_FA_NOBODY_LIKES_YOU,Nobody likes you<comma> you know,Personne ne te trouves sympa<comma> tu sais.,NOT TRANSLATED,NOT TRANSLATED,NOT TRANSLATED
VO_DQ_BRING_BACK_BOOK,Zombies<comma> get my grimoire back from this thief!,Zombies<comma> ramenez-moi mon grimoire pris par ce voleur !,NOT TRANSLATED,NOT TRANSLATED,NOT TRANSLATED
VO_FA_NOT_HER_AGAIN,Not her again!,Pas encore toi !,NOT TRANSLATED,NOT TRANSLATED,NOT TRANSLATED
POPUP_TITLE_DEBUG,Debug Menu,Menu Debug,NOT TRANSLATED,NOT TRANSLATED,NOT TRANSLATED
LEVEL_GAME_COMPLETED,Congratulations hero! You have saved the World of Lum.,Bravo héros ! Tu as sauvé le monde de Lum.,NOT TRANSLATED,NOT TRANSLATED,NOT TRANSLATED
TREASURE_ISLAND_TITLE,Treasure Island,Île au Trésor,NOT TRANSLATED,NOT TRANSLATED,NOT TRANSLATED
TREASURE_ISLAND_LOCATION_1,Pirate's Cove,Crique du Pirate,NOT TRANSLATED,NOT TRANSLATED,NOT TRANSLATED
TRESURE_CHEST_TAP_TO_OPEN,Tap the treasure chest to open it.,Tape sur le coffre au trésor pour l'ouvrir,NOT TRANSLATED,NOT TRANSLATED,NOT TRANSLATED
TREASURE_CHEST_POWER_UP,Super! You have just received <quantity> <powerup name> power-ups!,Génial ! Tu viens de recevoir <quantity> <powerup name> power-ups!,NOT TRANSLATED,NOT TRANSLATED,NOT TRANSLATED
TREASURE_CHEST_STARS,You have just received <quantity> stars!,Tu viens de recevoir <quantity> étoiles !,NOT TRANSLATED,NOT TRANSLATED,NOT TRANSLATED
TREASURE_CHEST_LIFE,Cool. You have just received <quantity> lives!,Génial! Tu as reçu <quantity> vies !,NOT TRANSLATED,NOT TRANSLATED,NOT TRANSLATED
TREASURE_CHEST_CUSTOMIZATION,Cool. You have received a special gift!,Génial! Tu as reçu un cadeau spécial !,NOT TRANSLATED,NOT TRANSLATED,NOT TRANSLATED
TREASURE_CHEST_NEED_MORE_KEYS,You need a key to open the chest. You can find some by exploring the world of Lum.,Tu as besoin d'une clé pour ouvrir le coffre. Tu peux en trouver en explorant le monde de Lum.,NOT TRANSLATED,NOT TRANSLATED,NOT TRANSLATED
HELL_BANNER_BINGO,Bingo night is in old torture room!,Soirée Bingo dans l'ancienne salle de torture !,NOT TRANSLATED,NOT TRANSLATED,NOT TRANSLATED
HELL_BANNER_BRUNCH,Welcome brunch is in room 666,Brunch de bienvenue dans la salle 666,NOT TRANSLATED,NOT TRANSLATED,NOT TRANSLATED
HELL_BANNER_ARMS_DEALER,Special welcome to arms dealers,Un bienvenue spécial aux vendeurs d'armes,NOT TRANSLATED,NOT TRANSLATED,NOT TRANSLATED
HELL_BANNER_BILLIONS_SERVED,Over 66 billion souls served,Plus de 66 milliards d'âmes servis,NOT TRANSLATED,NOT TRANSLATED,NOT TRANSLATED
HELL_SOUL_LAKE,Lake of Souls,Lac des âmes,NOT TRANSLATED,NOT TRANSLATED,NOT TRANSLATED
HELL_NO_SWIMMING,No Swimming,Nage Interdite,NOT TRANSLATED,NOT TRANSLATED,NOT TRANSLATED
#Cullis Gate
CULLIS_GATE_TO_TANGLEWOOD,You're heading to Tanglewood forest.,Tu te diriges vers la forêt de Tanglewood.,NOT TRANSLATED,NOT TRANSLATED,NOT TRANSLATED
CULLIS_GATE_TO_ELFLAND,You're heading to the tree-city of Ellenmïrre.,Tu te diriges vers la ville dans les arbres de Ellenmïrre.,NOT TRANSLATED,NOT TRANSLATED,NOT TRANSLATED
CULLIS_GATE_TO_DREADKNOT_CEMETERY,You're heading to the Cemetery of Dreadknot. Foul creatures live there...,Tu te diriges vers le cimetière de Dreadknot. Des créatures sinistres y habitent...,NOT TRANSLATED,NOT TRANSLATED,NOT TRANSLATED
CULLIS_GATE_TO_HELL,You're heading to Hell.,Tu te diriges vers l'Enfer.,NOT TRANSLATED,NOT TRANSLATED,NOT TRANSLATED
CULLIS_GATE_TO_FLOODED_BATTLEFIELD,You're heading to the flooded battlefield.,Tu te diriges vers le champ de bataille englouti.,NOT TRANSLATED,NOT TRANSLATED,NOT TRANSLATED
CULLIS_GATE_TO_GAME_END,Congratulations! You have finished the game.,Bravo ! Tu as finis le jeu.,NOT TRANSLATED,NOT TRANSLATED,NOT TRANSLATED
CHECKPOINT_REACHED,Checkpoint reached!,Point de sauvegarde !,NOT TRANSLATED,NOT TRANSLATED,NOT TRANSLATED
#Mini Store
MINISTORE_TITLE,No more Lives!,Plus de vies !,NOT TRANSLATED,NOT TRANSLATED,NOT TRANSLATED
MINISTORE_SUGGESTION,Ask your friends for extra lives in the map menu or buy packs of lives now!,Demande à tes amis pour des vies dans le menu avec la carte ou achète des paquets de vies maintenant !,NOT TRANSLATED,NOT TRANSLATED,NOT TRANSLATED
#Mini Store Purchase Status Popup
PURCHASE_STATUS_TITLE_SUCCESS,Purchase Successful,Achat Réussi,NOT TRANSLATED,NOT TRANSLATED,NOT TRANSLATED
PURCHASE_STATUS_TITLE_CANCELLED,Purchase Cancelled,Achat Annulé,NOT TRANSLATED,NOT TRANSLATED,NOT TRANSLATED
PURCHASE_STATUS_TITLE_ERROR,Purchase Error,Erreur lors de l'Achat,NOT TRANSLATED,NOT TRANSLATED,NOT TRANSLATED
PURCHASE_STATUS_CONTENT_SUCCESS,Purchase completed successfully,Achat complété avec succès,NOT TRANSLATED,NOT TRANSLATED,NOT TRANSLATED
PURCHASE_STATUS_CONTENT_CANCELLED,No money was taken from your account,Aucun argent n'a été retiré de ton compte,NOT TRANSLATED,NOT TRANSLATED,NOT TRANSLATED
PURCHASE_STATUS_CONTENT_ERROR,An error occured. Transaction not completed,Une erreur est survenue. Transaction non completée,NOT TRANSLATED,NOT TRANSLATED,NOT TRANSLATED
PURCHASE_STATUS_BUTTON_CONTINUE,Continue,Continue,NOT TRANSLATED,NOT TRANSLATED,NOT TRANSLATED
#Store
#Store titles
STORE_STARS_TITLE,Stars,Étoiles,NOT TRANSLATED,NOT TRANSLATED,NOT TRANSLATED
STORE_STARS_REASON,You need to buy stars.,Tu as besoin d'acheter des étoiles.,NOT TRANSLATED,NOT TRANSLATED,NOT TRANSLATED
STORE_LIVES_TITLE,Lives,Vies,NOT TRANSLATED,NOT TRANSLATED,NOT TRANSLATED
STORE_LIVES_REASON,You need more lives.,Tu as besoin de plus de vies.,NOT TRANSLATED,NOT TRANSLATED,NOT TRANSLATED
STORE_UPGRADE_TITLE,Upgrade,Améliorer,NOT TRANSLATED,NOT TRANSLATED,NOT TRANSLATED
STORE_CONSUMABLE_TITLE,Stock up,S'approvisionner,NOT TRANSLATED,NOT TRANSLATED,NOT TRANSLATED
#Store powerups
POWER_UP_ZNUKE,Z-Nuke,Z-Nuke,NOT TRANSLATED,NOT TRANSLATED,NOT TRANSLATED
POWER_UP_ZNUKE_DESCRIPTION,The range of the Z-Nuke is increased by <range> meters,La portée du Z-Nuke est augmentée de <range> mètres,NOT TRANSLATED,NOT TRANSLATED,NOT TRANSLATED
POWER_UP_DOUBLE_JUMP,Double Jump,Double Saut,NOT TRANSLATED,NOT TRANSLATED,NOT TRANSLATED
POWER_UP_SLOW_TIME,Slow Time,Ralentisseur de Temps,NOT TRANSLATED,NOT TRANSLATED,NOT TRANSLATED
POWER_UP_SLOW_TIME_DESCRIPTION,The Slow Time powerup lasts <time> seconds longer,Le Ralentisseur de Temps dure <time> secondes de plus,NOT TRANSLATED,NOT TRANSLATED,NOT TRANSLATED
POWER_UP_MAGNET,Star Magnet,Aimant à Étoiles,NOT TRANSLATED,NOT TRANSLATED,NOT TRANSLATED
POWER_UP_MAGNET_DESCRIPTION,The Star Magnet powerup lasts <time> seconds longer,L'Aimant à Étoiles dure <time> secondes de plus,NOT TRANSLATED,NOT TRANSLATED,NOT TRANSLATED
POWER_UP_SHIELD,Shield,Bouclier,NOT TRANSLATED,NOT TRANSLATED,NOT TRANSLATED
POWER_UP_SHIELD_DESCRIPTION,The Shield powerup lasts <time> seconds longer,Le Bouclier dure <time> secondes de plus,NOT TRANSLATED,NOT TRANSLATED,NOT TRANSLATED
POWER_UP_LIFE,Life,Vie,NOT TRANSLATED,NOT TRANSLATED,NOT TRANSLATED
POWER_UP_HOW_TO,While running<comma> double-tap to activate selected power-up.,Pendant que tu cours<comma> tape deux fois sur l'écran pour activer le power-up sélectionné.,NOT TRANSLATED,NOT TRANSLATED,NOT TRANSLATED
POWER_UP_YOU_HAVE,You have: <quantity>,Tu en as: <quantity>,NOT TRANSLATED,NOT TRANSLATED,NOT TRANSLATED
POWER_UP_MAXIMUM_UPGRADE,Fully upgraded,Niveau maximum atteint,NOT TRANSLATED,NOT TRANSLATED,NOT TRANSLATED
POWER_UP_BUTTON_MAXED_OUT,Maxed Out,Maximum,NOT TRANSLATED,NOT TRANSLATED,NOT TRANSLATED
#Store items
STORE_ITEM_STARS_STACK,Stack of Stars,Pile d'Étoiles,NOT TRANSLATED,NOT TRANSLATED,NOT TRANSLATED
STORE_ITEM_STARS_BAG,Bag of Stars,Sac d'Étoiles,NOT TRANSLATED,NOT TRANSLATED,NOT TRANSLATED
STORE_ITEM_STARS_CHEST,Chest of Stars,Coffre d'Étoiles,NOT TRANSLATED,NOT TRANSLATED,NOT TRANSLATED
STORE_ITEM_STARS_VAULT,Vault of Stars,Coffre-fort d'Étoiles,NOT TRANSLATED,NOT TRANSLATED,NOT TRANSLATED
STORE_ITEM_STARS_DESCRIPTION,<quantity> Stars,<quantity> Étoiles,NOT TRANSLATED,NOT TRANSLATED,NOT TRANSLATED
#Store items
STORE_ITEM_LIVES_BUNCH,Bunch of Lives,Plein de Vies,NOT TRANSLATED,NOT TRANSLATED,NOT TRANSLATED
STORE_ITEM_LIVES_HEAP,Heap of Lives,Tas de Vies,NOT TRANSLATED,NOT TRANSLATED,NOT TRANSLATED
STORE_ITEM_LIVES_SACK,Sack of Lives,Sac de Vies,NOT TRANSLATED,NOT TRANSLATED,NOT TRANSLATED
STORE_ITEM_LIVES_DESCRIPTION,<quantity> Lives,<quantity> Vies,NOT TRANSLATED,NOT TRANSLATED,NOT TRANSLATED
#Store items
STAR_DOUBLER,Star Doubler,Doubleur d'Étoiles,NOT TRANSLATED,NOT TRANSLATED,NOT TRANSLATED
STAR_DOUBLER_DESCRIPTION,Double all star pickups!,Double le montant d'étoiles ramassées !,NOT TRANSLATED,NOT TRANSLATED,NOT TRANSLATED
STAR_DOUBLER_OWNED,Owned,Acheté,NOT TRANSLATED,NOT TRANSLATED,NOT TRANSLATED
RESTORE_PURCHASE,Restore purchases,Rétablir Achats,NOT TRANSLATED,NOT TRANSLATED,NOT TRANSLATED
RESTORE_PURCHASE_BUTTON_LABEL,Restore,Rétablir,NOT TRANSLATED,NOT TRANSLATED,NOT TRANSLATED
RESTORE_PURCHASE_DESCRIPTION,This will restore your in-app purchases<comma> such as the Star Doubler.,Ceci rétablira vos achats intégrés tel que le double-étoiles.,NOT TRANSLATED,NOT TRANSLATED,NOT TRANSLATED
MENU_LOADING,Loading,Chargement,NOT TRANSLATED,NOT TRANSLATED,NOT TRANSLATED
MENU_PLAY,Play!,Jouer !,NOT TRANSLATED,NOT TRANSLATED,NOT TRANSLATED
MENU_SKIP,Skip,Retour,NOT TRANSLATED,NOT TRANSLATED,NOT TRANSLATED
MENU_FROM_CHECKPOINT,From Last Checkpoint,Depuis Sauvegarde,NOT TRANSLATED,NOT TRANSLATED,NOT TRANSLATED
MENU_SAVE_ME_TITLE,Save Me!,Sauve Moi!,NOT TRANSLATED,NOT TRANSLATED,NOT TRANSLATED
MENU_SAVE_ME,Save Me,Sauve Moi,NOT TRANSLATED,NOT TRANSLATED,NOT TRANSLATED
MENU_LIVES,Lives:,Vies:,NOT TRANSLATED,NOT TRANSLATED,NOT TRANSLATED
MENU_COST,Cost:,Coûts:,NOT TRANSLATED,NOT TRANSLATED,NOT TRANSLATED
MENU_FREE,Free!,Gratuit!,NOT TRANSLATED,NOT TRANSLATED,NOT TRANSLATED
MENU_TAP_TO_PLAY,Tap to play,Touche l'écran pour jouer,NOT TRANSLATED,NOT TRANSLATED,NOT TRANSLATED
MENU_BOOSTS,Boosts,Boosts,NOT TRANSLATED,NOT TRANSLATED,NOT TRANSLATED
MENU_PAUSE,Pause,Pause,NOT TRANSLATED,NOT TRANSLATED,NOT TRANSLATED
MENU_RESUME,Resume,Continuer,NOT TRANSLATED,NOT TRANSLATED,NOT TRANSLATED
#Facebook
MENU_LOG_OUT,Log out!,Déconnexion !,NOT TRANSLATED,NOT TRANSLATED,NOT TRANSLATED
MENU_CONNECT,Connect!,Connecte !,NOT TRANSLATED,NOT TRANSLATED,NOT TRANSLATED
MENU_LOGGED_OUT,Disconnected,Déconnecté,NOT TRANSLATED,NOT TRANSLATED,NOT TRANSLATED
MENU_SUCCESS_TITLE,Success!,Succès !,NOT TRANSLATED,NOT TRANSLATED,NOT TRANSLATED
MENU_SUCCESS_TEXT,You are now successfully connected to Facebook! All progress is now synchronized with your account.,Votre connexion à Facebook a réussie ! Votre progrès est maintenant synchronisé avec votre compte.,NOT TRANSLATED,NOT TRANSLATED,NOT TRANSLATED
MENU_CONNECTING_TITLE,Connecting,Connexion,NOT TRANSLATED,NOT TRANSLATED,NOT TRANSLATED
MENU_CONNECTING_TEXT,Connecting to Facebook.,Connexion à Facebook.,NOT TRANSLATED,NOT TRANSLATED,NOT TRANSLATED
MENU_NO_THANK_YOU,No thank you!,Non merci!,NOT TRANSLATED,NOT TRANSLATED,NOT TRANSLATED
MENU_CONNECTION_FAILED_TITLE,Connection failed,Connexion échouée,NOT TRANSLATED,NOT TRANSLATED,NOT TRANSLATED
MENU_CONNECTION_FAILED_TEXT,No Internet connection was found. Please try again later.,Incapable d'établir une connexion Internet. Veuillez essayer plus tard.,NOT TRANSLATED,NOT TRANSLATED,NOT TRANSLATEDMENU_NO_THANK_YOU,No thank you!,Non merci!,NOT TRANSLATED,NOT TRANSLATED,NOT TRANSLATED
MENU_CONNECTION_CANCELED_TITLE,User Canceled,Action Annullée,NOT TRANSLATED,NOT TRANSLATED,NOT TRANSLATED
MENU_CONNECTION_CANCELED_TEXT,Facebook access canceled by user.,Connexion à Facebook annulée par l'usager.,NOT TRANSLATED,NOT TRANSLATED,NOT TRANSLATED
MENU_FB_ERROR_TITLE,Facebook error,Erreur Facebook,NOT TRANSLATED,NOT TRANSLATED,NOT TRANSLATED
MENU_FB_ERROR_TEXT,An error occurred while trying to connect to Facebook. Try again later.,Une erreur est survenue lors de la connexion à Facebook. Veuillez essayer plus tard.,NOT TRANSLATED,NOT TRANSLATED,NOT TRANSLATEDMENU_NO_THANK_YOU,No thank you!,Non merci!,NOT TRANSLATED,NOT TRANSLATED,NOT TRANSLATED
MENU_FB_TITLE,Facebook,Facebook,NOT TRANSLATED,NOT TRANSLATED,NOT TRANSLATED
MENU_OK,Ok,Ok,NOT TRANSLATED,NOT TRANSLATED,NOT TRANSLATED
MENU_ON,On,Oui,NOT TRANSLATED,NOT TRANSLATED,NOT TRANSLATED
MENU_OFF,Off,Non,NOT TRANSLATED,NOT TRANSLATED,NOT TRANSLATED
MENU_SOUND_VOLUME,Sound Volume,Volume Sonore,NOT TRANSLATED,NOT TRANSLATED,NOT TRANSLATED
MENU_PRIVACY_POLICY,Privacy Policy,Politique de confidentialité,NOT TRANSLATED,NOT TRANSLATED,NOT TRANSLATED
MENU_GLOBAL_LEADERBOARD,Global Leaderboard,Classement général,NOT TRANSLATED,NOT TRANSLATED,NOT TRANSLATED
MENU_ACHIEVEMENTS,Achievements,Accomplissements,NOT TRANSLATED,NOT TRANSLATED,NOT TRANSLATED
MENU_RESTORE_PURCHASES,Restore Purchases,Rétablir les achats,NOT TRANSLATED,NOT TRANSLATED,NOT TRANSLATED
MENU_SHOW_DEBUG,Show Debug Menu,Afficher Menu Debug,NOT TRANSLATED,NOT TRANSLATED,NOT TRANSLATED
MENU_WELCOME,Welcome,Bienvenue,NOT TRANSLATED,NOT TRANSLATED,NOT TRANSLATED
MENU_TRY_AGAIN,Try Again,Essaie Encore,NOT TRANSLATED,NOT TRANSLATED,NOT TRANSLATED
MENU_QUIT,Quit,Quitter,NOT TRANSLATED,NOT TRANSLATED,NOT TRANSLATED
MENU_MORE_GAMES,More Games,Plus de jeux,NOT TRANSLATED,NOT TRANSLATED,NOT TRANSLATED
MENU_DIFFICULTY_LEVEL_NORMAL,Normal,Normale,NOT TRANSLATED,NOT TRANSLATED,NOT TRANSLATED
MENU_DIFFICULTY_LEVEL_HEROIC,Heroic,Héroïque,NOT TRANSLATED,NOT TRANSLATED,NOT TRANSLATED
MENU_DIFFICULTY_LEVEL_LEGENDARY,Legendary,Légendaire,NOT TRANSLATED,NOT TRANSLATED,NOT TRANSLATED
MENU_CHANGE,Change,Change,NOT TRANSLATED,NOT TRANSLATED,NOT TRANSLATED
MENU_SELECT,Select,Choisir,NOT TRANSLATED,NOT TRANSLATED,NOT TRANSLATED
MENU_PICK_ME_FEMALE,You're not going to let the world be saved by a guy? Come on! Girls are way better at this kind of thing.,Tu ne vas quand même pas laisser un gars sauver le monde? Cela prends un fille pour ce genre de chose.,NOT TRANSLATED,NOT TRANSLATED,NOT TRANSLATED
MENU_PICK_ME_MALE,You're not going to let the world be saved by a girl? Come on! Guys are way better at this kind of thing.,Tu ne vas quand même pas laisser une fille sauver le monde? Cela prends un gars pour ce genre de chose.,NOT TRANSLATED,NOT TRANSLATED,NOT TRANSLATED
MENU_CHARACTER_SELECTION_TITLE,Choose Your Hero,Choisis ton Héros,NOT TRANSLATED,NOT TRANSLATED,NOT TRANSLATED
MENU_THANKS_CHOOSING_ME_MALE,Thank you for choosing me. You won't be disappointed!,Merci de m'avoir choisi. Tu ne seras pas déçus !,NOT TRANSLATED,NOT TRANSLATED,NOT TRANSLATED
MENU_THANKS_CHOOSING_ME_FEMALE,Thank you for choosing me. You won't be disappointed!,Merci de m'avoir choisie. Tu ne seras pas déçus !,NOT TRANSLATED,NOT TRANSLATED,NOT TRANSLATED
GALLERY_TITLE,Denizens of Lum,Personages de Lum,NOT TRANSLATED,NOT TRANSLATED,NOT TRANSLATED
GALLERY_NAME_FAIRY,Lily,Lily,NOT TRANSLATED,NOT TRANSLATED,NOT TRANSLATED
GALLERY_BIO_FAIRY,<color=#ffa500ff>Gender:</color> Female\n<color=#ffa500ff>Race:</color> Fairy\n<color=#ffa500ff>Age:</color> 18\n<color=#ffa500ff>Date of birth:</color> March 19th\n<color=#ffa500ff>Place of Birth:</color> Forest of Elvenhorn\n<color=#ffa500ff>Favorite things:</color> Violet flowers\n<color=#ffa500ff>Fun Fact:</color> Lily might be small<comma> but she can pack a punch with her spells. She also makes the best oatmeal cookies this side of the WillowBrook River.,<color=#ffa500ff>Gender:</color> Female\n<color=#ffa500ff>Race:</color> Fairy\n<color=#ffa500ff>Age:</color> 142\n<color=#ffa500ff>Date of birth:</color> August 1st\n<color=#ffa500ff>Place of Birth:</color> Forest of Elvenhorn\n<color=#ffa500ff>Favorite things:</color> Violet flowers\n<color=#ffa500ff>Fun Fact:</color> Lily almost did not graduate from fairy school because she kept forgetting her spells.,NOT TRANSLATED,NOT TRANSLATED,NOT TRANSLATED
GALLERY_NAME_DARK_QUEEN,Lorelei,Lorelei,NOT TRANSLATED,NOT TRANSLATED,NOT TRANSLATED
GALLERY_BIO_DARK_QUEEN,<color=#ffa500ff>Gender:</color> Female\n<color=#ffa500ff>Race:</color> Human\n<color=#ffa500ff>Age:</color> 167\n<color=#ffa500ff>Date of birth:</color> December 9th\n<color=#ffa500ff>Place of Birth:</color> High Peak Castle\n<color=#ffa500ff>Favorite things:</color> Skulls of her crushed enemies and the little biscuits they serve during high tea\n<color=#ffa500ff>Fun Fact:</color> Lorelei<comma> aka The Dark Queen<comma> is the source of all evil. You miss your carriage and end up late for work? Her fault. You drop your toast and it lands peanut butter side? Her fault again. Her appetite for power is all consuming. She will not stop until all creatures big and small bow to her malificence.,<color=#ffa500ff>Gender:</color> Female\n<color=#ffa500ff>Race:</color> Human\n<color=#ffa500ff>Age:</color> 167\n<color=#ffa500ff>Date of birth:</color> December 9th\n<color=#ffa500ff>Place of Birth:</color> High Peak Castle\n<color=#ffa500ff>Favorite things:</color> Crows and skulls\n<color=#ffa500ff>Fun Fact:</color> Lorelei<comma> aka The Dark Queen<comma> is the source of all evil. You miss your carriage and end up late for work? Her fault. You drop your toast and it lands peanut butter side? Her fault again. Her appetite for power is all consuming. She will not stop until all creatures big and small bow to her malificence.,NOT TRANSLATED,NOT TRANSLATED,NOT TRANSLATED
GALLERY_NAME_TROLL,Krock,Krock,NOT TRANSLATED,NOT TRANSLATED,NOT TRANSLATED
GALLERY_BIO_TROLL,<color=#ffa500ff>Gender:</color> Male\n<color=#ffa500ff>Race:</color> Troll\n<color=#ffa500ff>Age:</color> 29\n<color=#ffa500ff>Date of birth:</color> November 12th\n<color=#ffa500ff>Place of Birth:</color> Western Swamps\n<color=#ffa500ff>Favorite things:</color> Squirrels and books\n<color=#ffa500ff>Fun Fact:</color> Krock was bullied as a little troll because<comma> unlike his companions<comma> he read books in the bog behind his home. He's the only troll in the Kingdom of Lum who knows how to read. Strangely<comma> since he bought his spiked club at the little weapon's shop at Finnegan's market<comma> no one bothers him anymore.,<color=#ffa500ff>Gender:</color> Male\n<color=#ffa500ff>Race:</color> Troll\n<color=#ffa500ff>Age:</color> 29\n<color=#ffa500ff>Date of birth:</color> November 12th\n<color=#ffa500ff>Place of Birth:</color> Western Swamps\n<color=#ffa500ff>Favorite things:</color> Squirrels and books\n<color=#ffa500ff>Fun Fact:</color> Krock was bullied as a little troll because<comma> unlike his companions<comma> he read books in the bog behind his home. He's the only troll in the Kingdom of Lum who knows how to read. Strangely<comma> since he bought his spiked club at the little weapon's shop at Finnegan's market<comma> no one has commented on his book reading.,NOT TRANSLATED,NOT TRANSLATED,NOT TRANSLATED
GALLERY_NAME_HERO,Hero,Hero,NOT TRANSLATED,NOT TRANSLATED,NOT TRANSLATED
GALLERY_BIO_HERO,<color=#ffa500ff>Gender:</color> Male\n<color=#ffa500ff>Race:</color> Human\n<color=#ffa500ff>Age:</color> 19\n<color=#ffa500ff>Date of birth:</color> August 1st\n<color=#ffa500ff>Place of Birth:</color> Gilday\n<color=#ffa500ff>Favorite things:</color> Apple Pie\n<color=#ffa500ff>Fun Fact:</color> He has a twin sister. The rivalry between them is legendary.,<color=#ffa500ff>Gender:</color> Male\n<color=#ffa500ff>Race:</color> Human\n<color=#ffa500ff>Age:</color> 19\n<color=#ffa500ff>Date of birth:</color> August 1st\n<color=#ffa500ff>Place of Birth:</color> Gilday\n<color=#ffa500ff>Favorite things:</color> Apple Pie\n<color=#ffa500ff>Fun Fact:</color> He has a twin sister. The rivalry between them is legendary.,NOT TRANSLATED,NOT TRANSLATED,NOT TRANSLATED
GALLERY_NAME_HEROINE,Heroine,Heroine,NOT TRANSLATED,NOT TRANSLATED,NOT TRANSLATED
GALLERY_BIO_HEROINE,<color=#ffa500ff>Gender:</color> Female\n<color=#ffa500ff>Race:</color> Human\n<color=#ffa500ff>Age:</color> 19\n<color=#ffa500ff>Date of birth:</color> August 1st\n<color=#ffa500ff>Place of Birth:</color> Gilday\n<color=#ffa500ff>Favorite things:</color> Adventuring\n<color=#ffa500ff>Fun Fact:</color> She has a twin brother. The rivalry between them is legendary.,<color=#ffa500ff>Gender:</color> Female\n<color=#ffa500ff>Race:</color> Human\n<color=#ffa500ff>Age:</color> 19\n<color=#ffa500ff>Date of birth:</color> August 1st\n<color=#ffa500ff>Place of Birth:</color> Gilday\n<color=#ffa500ff>Favorite things:</color> Adventuring\n<color=#ffa500ff>Fun Fact:</color> She has a twin brother. The rivalry between them is legendary.,NOT TRANSLATED,NOT TRANSLATED,NOT TRANSLATED
GALLERY_NAME_ZOMBIE,Zombie,Zombie,NOT TRANSLATED,NOT TRANSLATED,NOT TRANSLATED
GALLERY_BIO_ZOMBIE,<color=#ffa500ff>Favorite hang out:</color> Cemeteries and old battlefields\n<color=#ffa500ff>Tips:</color> You can knock down a standing zombie by sliding into it. You can also use a <color=#19538E>Z-Nuke</color> power-up to knock down a whole bunch at once. You get 20 stars for each zombie toppled. You can't knock down a crawling zombie.\n<color=#ffa500ff>Favorite things:</color> Brains\n<color=#ffa500ff>Fun Fact:</color> Many have speculated on the origin of zombies. Some say<comma> that they are the result of an experiment gone horribly wrong performed by the evil wizard Zotaar. Others suspect that people who eat too much gluten turn into zombies. It's hard to tell who is telling the truth.,<color=#ffa500ff>Favorite hang out:</color> Cemeteries and old battlefields\n<color=#ffa500ff>Tips:</color> You can knock down a standing zombie by sliding into it. You can also use a <color=#19538E>Z-Nuke</color> power-up to knock down a whole bunch at once. You get 20 stars for each zombie toppled. You can't knock down a crawling zombie.\n<color=#ffa500ff>Favorite things:</color> Brains\n<color=#ffa500ff>Fun Fact:</color> Many have speculated on the origin of zombies. Some say<comma> that they are the result of an experiment gone horribly wrong performed by the evil wizard Zotaar. Others suspect that people who eat too much gluten turn into zombies. It's hard to tell who is telling the truth.,NOT TRANSLATED,NOT TRANSLATED,NOT TRANSLATED
FB_HAVE_A_LIFE_MESSAGE,Here's a life! Have a great day!,Voici une vie ! Passe une belle journée !,NOT TRANSLATED,NOT TRANSLATED,NOT TRANSLATED
MESSAGE_ENTRY_TITLE_EXTRA_LIFE,Send extra life!,Envoyer une vie !,NOT TRANSLATED,NOT TRANSLATED,NOT TRANSLATED
MESSAGE_ENTRY_TEXT_EXTRA_LIFE,Send <first_name> an extra life.,Envoyer une vie à <first_name>.,NOT TRANSLATED,NOT TRANSLATED,NOT TRANSLATED
MESSAGE_ENTRY_TEXT_NEXT_EPISODE, the next episode., le prochain episode.,NOT TRANSLATED,NOT TRANSLATED,NOT TRANSLATED
POPUP_TITLE_MESSAGE_CENTER,Your messages,Vos messages,NOT TRANSLATED,NOT TRANSLATED,NOT TRANSLATED
POPUP_TITLE_OFFER_LIVES,Help your friends by sending lives!,Aidez vos amis en leur envoyant des vies supplémentaires !,NOT TRANSLATED,NOT TRANSLATED,NOT TRANSLATED
POPUP_TITLE_SETTINGS,Settings,Paramètres,NOT TRANSLATED,NOT TRANSLATED,NOT TRANSLATED
POPUP_BUTTON_FB_DISCONNECT,Logout,Déconnexion,NOT TRANSLATED,NOT TRANSLATED,NOT TRANSLATED
POPUP_BUTTON_CHECK_ALL,Check all,Tout choisir,NOT TRANSLATED,NOT TRANSLATED,NOT TRANSLATED
POPUP_BUTTON_ACCEPT,Accept,Acceptez,NOT TRANSLATED,NOT TRANSLATED,NOT TRANSLATED
MESSAGE_ENTRY_TITLE_RECEIVED_GIFT,Gift received,Cadeau reçu,NOT TRANSLATED,NOT TRANSLATED,NOT TRANSLATED
MESSAGE_ENTRY_TEXT_RECEIVED_GIFT,offered you a life!,vous a offert une vie !,NOT TRANSLATED,NOT TRANSLATED,NOT TRANSLATED
MESSAGE_ENTRY_TITLE_RECEIVED_HELP,You got help!,Tu as eu de l'aide !,NOT TRANSLATED,NOT TRANSLATED,NOT TRANSLATED
MESSAGE_ENTRY_TITLE_HELP_FRIEND,Help your friend!,Aide ton ami !,NOT TRANSLATED,NOT TRANSLATED,NOT TRANSLATED
MESSAGE_ENTRY_TEXT_ASK_LIFE,asks you to send a life!,vous demande d'envoyer une vie !,NOT TRANSLATED,NOT TRANSLATED,NOT TRANSLATED
MESSAGE_ENTRY_ERROR,Unknown app request type,Type de requête inconnu,NOT TRANSLATED,NOT TRANSLATED,NOT TRANSLATED
#Ask Friends for lives popup
POPUP_ASK_LIVES_TITLE,Get more lives!,Obtenez des vies !,NOT TRANSLATED,NOT TRANSLATED,NOT TRANSLATED
POPUP_ASK_LIVES_CONTENT,Ask your friends for more lives.,Demande à tes amis pour plus de vies.,NOT TRANSLATED,NOT TRANSLATED,NOT TRANSLATED
POPUP_ASK_LIVES_BUTTON,Ask friends,Aide moi!,NOT TRANSLATED,NOT TRANSLATED,NOT TRANSLATED
#Episodes
EPISODE_NUMBER,Episode <number>,Épisode <number>,NOT TRANSLATED,NOT TRANSLATED,NOT TRANSLATED
EPISODE_NAME_1,The Dark Tower,La Tour Noire,NOT TRANSLATED,NOT TRANSLATED,NOT TRANSLATED
EPISODE_DESCRIPTION_1,<color=#D22626FF><size=9>T</size></color>he Dark Queen has cast an evil spell that will open the gates of Hell and unleash the infernal legions upon the unsuspecting Kingdom of Lum. You have just stolen her spell book from her tower and you must cast it in the Volcano of Doom before <color=#D22626FF>midnight!</color>,<color=#D22626FF><size=9>L</size></color>a Sorcière des Ténèbres a jeté un sortilège qui va ouvrir les portes de l’Enfer et permettre aux légions infernales d’envahir le Royaume de Lum. Tu viens tout juste de voler son grimoire magique et tu dois le jeter dans le Volcan du Désespoir avant <color=#D22626FF>minuit !</color>,NOT TRANSLATED,NOT TRANSLATED,NOT TRANSLATED
EPISODE_NAME_2,,Tanglewood,Tanglewood,NOT TRANSLATED,NOT TRANSLATED,NOT TRANSLATED
EPISODE_DESCRIPTION_2,<color=#D22626FF><size=9>T</size></color>anglewood is a peaceful area located near the Oakvale harbor.,<color=#D22626FF><size=9>T</size></color>anglewood est un endroit paisible situé prêt du havre d'Oakvale.,NOT TRANSLATED,NOT TRANSLATED,NOT TRANSLATED
EPISODE_NAME_3,Elfland,Pays des Elfes,NOT TRANSLATED,NOT TRANSLATED,NOT TRANSLATED
EPISODE_DESCRIPTION_3,<color=#D22626FF><size=9>T</size></color>he wood elves used to live in Ellenmïrre. They abandoned the city after the Great Battle.,<color=#D22626FF><size=9>L</size></color>es elfes des bois habitaient jadis à Ellenmïrre. Ils ont abandonné l'endroit après la Grande Bataille.,NOT TRANSLATED,NOT TRANSLATED,NOT TRANSLATED
EPISODE_NAME_4,Dreadknot Cemetery,Cimetière Dreadknot,NOT TRANSLATED,NOT TRANSLATED,NOT TRANSLATED
EPISODE_DESCRIPTION_4,<color=#D22626FF><size=9>D</size></color>readknot is a vast and ancient cemetery that was built after the Great Battle. It has long since been abandoned and now wicked creatures prowl the land in search of easy prey.,<color=#D22626FF><size=9>D</size></color>readknot est un vaste et ancien cimetière qui a été construit après la Grande Bataille. Il a été abandonné depuis fort longtemps et maintenant des créatures maléfiques le parcours à la recherche de proies faciles.,NOT TRANSLATED,NOT TRANSLATED,NOT TRANSLATED
EPISODE_NAME_5,Hell,L'Enfer,NOT TRANSLATED,NOT TRANSLATED,NOT TRANSLATED
EPISODE_DESCRIPTION_5,<color=#D22626FF><size=9>H</size></color>ell is not for the faint of heart,<color=#D22626FF><size=9>L</size></color>'enfer n'est pas pour les faibles.,NOT TRANSLATED,NOT TRANSLATED,NOT TRANSLATED
EPISODE_NAME_6,Flooded Battlefield,Champ de bataille englouti,NOT TRANSLATED,NOT TRANSLATED,NOT TRANSLATED
EPISODE_DESCRIPTION_6,<color=#D22626FF><size=9>T</size></color>he souls of the warriors that died in battle roam the Flooded Battlefield.,<color=#D22626FF><size=9>L</size></color>'âme des guerriers morts au combat erre dans le Champ de Bataille Englouti.,NOT TRANSLATED,NOT TRANSLATED,NOT TRANSLATED
#Post-level popup
POST_LEVEL_RETRY,Retry!,Essaie Encore !,NOT TRANSLATED,NOT TRANSLATED,NOT TRANSLATED
POST_LEVEL_CONTINUE,Continue!,Continue !,NOT TRANSLATED,NOT TRANSLATED,NOT TRANSLATED
POST_LEVEL_LUCK_NEXT_TIME,You'll get it next time!,Tu réussiras la prochaine fois !,NOT TRANSLATED,NOT TRANSLATED,NOT TRANSLATED
POST_LEVEL_MADE_PROGRESS,Wow! You've made good progress!, Bravo ! Tu as bien progressé.,NOT TRANSLATED,NOT TRANSLATED,NOT TRANSLATED
POST_LEVEL_COMPLETED_STORY,Congratulations! Stay tuned for more episodes!,Bravo encore! Reste à l'écoute pour de nouveaux épisodes!,NOT TRANSLATED,NOT TRANSLATED,NOT TRANSLATED
#Star Meter
MENU_SCORE,Score: <0>,Score: <0>,NOT TRANSLATED,NOT TRANSLATED,NOT TRANSLATED
#Treasure Keys
TUTORIAL_TREASURE_KEY_FAIRY,So cool! You found a key for Treasure Island!,Trop cool! Tu as trouvé une clé pour l'Île au Trésor !,NOT TRANSLATED,NOT TRANSLATED,NOT TRANSLATED
#Episode Difficulty (shown on World Map)
EPISODE_DIFFICULTY_EASY,Easy Peasy,Fastoche,NOT TRANSLATED,NOT TRANSLATED,NOT TRANSLATED
EPISODE_DIFFICULTY_NORMAL,Normal,Normale,NOT TRANSLATED,NOT TRANSLATED,NOT TRANSLATED
EPISODE_DIFFICULTY_HARD,Freakin' tough,Difficile,NOT TRANSLATED,NOT TRANSLATED,NOT TRANSLATED
EPISODE_DIFFICULTY_VERYHARD,You're going to cry,Tu vas pleurer,NOT TRANSLATED,NOT TRANSLATED,NOT TRANSLATED
#Level Name (Shown in the HUD slide-in when player starts running)
LEVEL_LOCATION_DARK_TOWER,The Dark Tower,La Tour Noire,NOT TRANSLATED,NOT TRANSLATED,NOT TRANSLATED
LEVEL_LOCATION_TANGLEWOOD,Tanglewood,Tanglewood,NOT TRANSLATED,NOT TRANSLATED,NOT TRANSLATED
LEVEL_LOCATION_ELFLAND,Elfland,Pays des Elfes,NOT TRANSLATED,NOT TRANSLATED,NOT TRANSLATED
LEVEL_LOCATION_DREADKNOT_CEMETERY,Dreadknot Cemetery,Cimetière Dreadknot,NOT TRANSLATED,NOT TRANSLATED,NOT TRANSLATED
LEVEL_LOCATION_HELL,Hell,L'Enfer,NOT TRANSLATED,NOT TRANSLATED,NOT TRANSLATED
LEVEL_LOCATION_FLOODED_BATTLEFIELD,Flooded Battlefield,Champ de bataille englouti,NOT TRANSLATED,NOT TRANSLATED,NOT TRANSLATED
#Level Description (shown in Pause Menu)
LEVEL_DESCRIPTION_DARK_TOWER,The maleficent Dark Queen lives in the wizard tower. This is where she broods and plots nefarious ways to conquer the Kingdom of Lum.,La maléfique Sorcière des Ténèbres habite dans la tour de sorcellerie. C'est là qu'elle manigance ses plans machiavéliques afin de conquérir le Royaume de Lum.,NOT TRANSLATED,NOT TRANSLATED,NOT TRANSLATED
LEVEL_DESCRIPTION_TANGLEWOOD,Tanglewood is a peaceful area located near the Oakvale harbor.,Tanglewood est un endroit paisible situé prêt du havre d'Oakvale.,NOT TRANSLATED,NOT TRANSLATED,NOT TRANSLATED
LEVEL_DESCRIPTION_ELFLAND,The wood elves used to live in Ellenmïrre. They abandoned the city after the Great Battle.,Les elfes des bois habitaient jadis à Ellenmïrre. Ils ont abandonné l'endroit après la Grande Bataille.,NOT TRANSLATED,NOT TRANSLATED,NOT TRANSLATED
LEVEL_DESCRIPTION_DREADKNOT_CEMETERY,Dreadknot is a vast and ancient cemetery that was built after the Great Battle. It has long since been abandoned and now wicked creatures prowl the land in search of easy prey.,Dreadknot est un vaste et ancien cimetière qui a été construit après la Grande Bataille. Il a été abandonné depuis fort longtemps et maintenant des créatures maléfiques le parcours à la recherche de proies faciles.,NOT TRANSLATED,NOT TRANSLATED,NOT TRANSLATED
LEVEL_DESCRIPTION_HELL,Hell is not for the faint of heart,L'enfer n'est pas pour les faibles.,NOT TRANSLATED,NOT TRANSLATED,NOT TRANSLATED
LEVEL_DESCRIPTION_FLOODED_BATTLEFIELD,The souls of the warriors that died in battle roam the Flooded Battlefield.,L'âme des guerriers morts au combat erre dans le Champ de Bataille Englouti.,NOT TRANSLATED,NOT TRANSLATED,NOT TRANSLATED
#Clock (displayed in pre and post level popups)
CLOCK_TIME_LEFT,Time Left:,Temps restant:,NOT TRANSLATED,NOT TRANSLATED,NOT TRANSLATED
CLOCK_TIME_PENALTY,Penalty:,Pénalité:,NOT TRANSLATED,NOT TRANSLATED,NOT TRANSLATED
#Local Notification
LOCAL_NOTIFICATION_SHORT_TERM_ALERT_ACTION,View,Voir,NOT TRANSLATED,NOT TRANSLATED,NOT TRANSLATED
LOCAL_NOTIFICATION_SHORT_TERM_ALERT_BODY,<hero name><comma> I've been looking for you. I desperately need your help to save the Kingdom of Lum!,<hero name><comma> je te cherchais. J'ai désespérement besoin de toi pour sauver le Royaume de Lum.,NOT TRANSLATED,NOT TRANSLATED,NOT TRANSLATED